This worksheet prepares the distribution data for submodel (depth zone) contstruction.,,,,,,,,,,,,,,,,,,,,,,,,,,,,,,,,,,,
It uses information from file SubRegionDistributions_05082022.xlsx.,,,,,,,,,,,,,,,,,,,,,Minimum senescence for CB matrix,,,,,,,,,,,,,,
SCROLL RIGHT-->>,there are 9 steps before useable depth distributions,,,,,,,,,,,,,,,,,,,,(this value is relative to the original senescence budget in CB matrix),,,,,,,,,,,,,,
,,,,,,,,,,,,,,,,,,,,,(needed to contstrain predation pressures within individual depth zones),,,,,,,,,,,,,,
,STEP 1,,,,,,,,,,,,,,,,,,,,0.1,,,,,,,,,,,,,,
,Enter depth distribution & consumption rate info,,,,,,,,,,,,,,,,,,,,,,,,,,,,,,,,,,
,Fraction of total biomass (t/km2) in each subregion,,,,,,,,,,,,,,,,,,,,,,,,,,,,,,,,,,
,,,,,,,,,,,,,,,,,,,Daytime depth integrated consumption (q) (t WWT/km2/y),,,,,,,,,,,,,,,,
subregion No.-->>,1,2,3,4,5,6,7,8,9,10,11,12,13,14,15,,,,"from STEP 8 writecsv(TotalConsumption,Production_base(:,1)) in ECOTRANstatic_NCC_05092022.m",,,,,,,,,,,,,,,,
subregion area (km2),100,100,100,100,100,100,100,100,100,100,100,100,100,100,100,,,,,,,,,,,,,,,,,,,,
NO3,1,1,1,1,1,1,1,1,1,1,1,1,1,1,1,<<--NOTE: this nutrient distribution info does not contribute to depth zone models; nutrient rows for each depth zone EB matrix are defined by the metabolism row of the CB matrix and metabolism fates (including nitrification of NH4 to NO3),,,1,<<--NOTE: NO3 q value set to 1,,,,,,,,,,,,,,,
pelagic NH4,1,1,1,1,1,1,1,1,1,1,1,1,1,1,1,<<--NOTE: this nutrient distribution info does not contribute to depth zone models; nutrient rows for each depth zone EB matrix are defined by the metabolism row of the CB matrix and metabolism fates (including nitrification of NH4 to NO3),,,1,<<--NOTE: NH4 q value set to 1,,,,,,,,,,,,,,,
benthic NH4,1,1,1,1,1,1,1,1,1,1,1,1,1,1,1,<<--NOTE: this nutrient distribution info does not contribute to depth zone models; nutrient rows for each depth zone EB matrix are defined by the metabolism row of the CB matrix and metabolism fates (including nitrification of NH4 to NO3),,,5525.84691,,,,,,,,,,,,,,,,
P1: large phytoplankton,0.120730478,0.054590218,0.028505067,0.128989257,0.057893817,0.027364312,0.119052501,0.055676001,0.027914453,0.10945404,0.050875301,0.027103697,0.114580359,0.049204728,0.02806577,1,,,9836.95124,,,,,,,,,,,,,,,,
P2: small phytoplankton,0.080730478,0.054590218,0.068505067,0.088989257,0.057893817,0.067364312,0.079052501,0.055676001,0.067914453,0.06945404,0.050875301,0.067103697,0.074580359,0.049204728,0.06806577,1,,,1339.46118,,,,,,,,,,,,,,,,
MZ: micro-zooplankton,0.066666667,0.066666667,0.066666667,0.066666667,0.066666667,0.066666667,0.066666667,0.066666667,0.066666667,0.066666667,0.066666667,0.066666667,0.066666667,0.066666667,0.066666667,1,,,4834.25547,,,,,,,,,,,,,,,,
Z1ai: copepods (large >= 0.025mg C),0.028869491,0.04802169,0.04802169,0.03054642,0.160745655,0.04802169,0.025575437,0.160745655,0.025603363,0.025575437,0.160745655,0.025603363,0.025575437,0.160745655,0.025603363,1,,,3.63E+02,,,,,,,,,,,,,,,,
Z1aii: copepods (small < 0.025mg C),0.204966165,0.03968155,0.03968155,0.10088189,0.046977959,0.03968155,0.089830731,0.046977959,0.039234422,0.089830731,0.046977959,0.039234422,0.089830731,0.046977959,0.039234422,1,,,3.50E+03,,,,,,,,,,,,,,,,
Z1b: small invertebrate larvae,0.172599162,0.070542712,0.008517882,0.151610169,0.072883451,0.008517882,0.147318089,0.021601359,0.0028568,0.147318089,0.021601359,0.0028568,0.147318089,0.021601359,0.0028568,1,,,636.39723,,,,,,,,,,,,,,,,
Z1d: pteropods,0.186597288,0.009119325,0.014809703,0.139947966,0.006839494,0.011107277,0.186597288,0.009119325,0.014809703,0.186597288,0.009119325,0.014809703,0.186597288,0.009119325,0.014809703,1,,,1.23E+01,,,,,,,,,,,,,,,,
Z2a: pelagic amphipods,0.194668604,0.123702129,0.014357438,0.499250337,0.020943343,0.010471672,0.065451337,0.003956878,0.00865263,0.032725669,0.001978439,0.004326315,0.016362834,0.000989219,0.002163157,1,,,3.26E+01,,,,,,,,,,,,,,,,
Z2b: pelagic shrimp (Sergestidae Panaeidae),0.033333333,0.033333333,0.033701869,0.033333333,0.033333333,0.3029828,0.033333333,0.033602469,0.065169725,0.0333372,0.034643808,0.064576437,0.035134587,0.034031621,0.196152817,1,,,191.269469,,,,,,,,,,,,,,,,
Z2c: other macro-zooplankton,0.066666667,0.066666667,0.066666667,0.066666667,0.066666667,0.066666667,0.066666667,0.066666667,0.066666667,0.066666667,0.066666667,0.066666667,0.066666667,0.066666667,0.066666667,1,,,218.190232,,,,,,,,,,,,,,,,
Z2g: small jellyfish (net-feeders),0.006420115,0.000244253,0.000244253,0.021506836,0.000145751,0.041530308,0.015070936,0.027598171,0.799479811,0.006015112,0.004947339,0.041903559,0.000500835,0.004947339,0.029445382,1,,,220.528651,,,,,,,,,,,,,,,,
Z2e: small jellyfish (carnivores),0.003078186,0.002020088,0.006735625,0.000132374,0.000843934,0.025754376,0.806791431,0.016057721,0.114918467,0.001634107,0.002020088,0.009526617,0.004522264,0.002020088,0.003944633,1,,,3.02929511,,,,,,,,,,,,,,,,
Z2f: large jellyfish,0.044043256,0.006314799,0.000730616,0.128628541,0.085404219,0.054355864,0.138001263,0.035779708,0.025846179,0.117997836,0.099469114,0.140222018,0.000742207,0.099469114,0.022995267,1,,,5.2754723,,,,,,,,,,,,,,,,
Z2g: pyrosomes,0.000364681,0.064032832,0.179189916,0.000364681,0.127700982,0.294347001,0.000757173,0.038235272,0.182239303,0.002128736,0.043215863,0.011039479,0.002128736,0.043215863,0.011039479,1,,,2.34E+03,,,,,,,,,,,,,,,,
Z3a: E. pacifica (adult & juveniles),0.009085983,0.157561834,0.027528896,0.002651016,0.062269946,0.027528896,0.009085983,0.005336762,0.027528896,0.009085983,0.054930451,0.028593933,0.009085983,0.536570367,0.033155071,1,,,6.64E+02,,,,,,,,,,,,,,,,
Z3b: T. spinifera (adult & juveniles),0.009085983,0.157561834,0.027528896,0.002651016,0.062269946,0.027528896,0.009085983,0.005336762,0.027528896,0.009085983,0.054930451,0.028593933,0.009085983,0.536570367,0.033155071,1,,,2.37E+02,,,,,,,,,,,,,,,,
Ca: small cephalopod aggregate,0.133609476,0.042886029,0.024588288,0.067105666,0.023263966,0.011844726,0.08867065,0.068557204,0.035281591,0.113459463,0.102001649,0.091233449,0.069955764,0.032132985,0.095409093,1,,,2.29E+01,,,,,,,,,,,,,,,,
Cb: cephalopod humboldt,0.066666667,0.066666667,0.066666667,0.066666667,0.066666667,0.066666667,0.066666667,0.066666667,0.066666667,0.066666667,0.066666667,0.066666667,0.066666667,0.066666667,0.066666667,1,,,4.37E-02,,,,,,,,,,,,,,,,
PlnkF1a: smelt aggregate,0.174227791,0.000146083,0.106088396,0.013634372,0.000194777,0.145595611,0.001493288,9.73884E-05,0.081221899,9.73884E-05,9.73884E-05,0.193900242,9.73884E-05,9.73884E-05,0.283010599,1,,,4.59E+01,,,,,,,,,,,,,,,,
PlnkF1b: shad,0.30975965,0.030975965,9.9988E-06,0.659144399,9.9988E-06,9.9988E-06,9.9988E-06,9.9988E-06,9.9988E-06,9.9988E-06,9.9988E-06,9.9988E-06,9.9988E-06,9.9988E-06,9.9988E-06,1,,,8.22E+00,,,,,,,,,,,,,,,,
PlnkF1c: sardine,0.001213553,0.000450879,0.002137197,0.06654955,0.010439426,0.000397751,0.023339001,0.014852926,0.061180549,0.086708226,0.337404036,0.320834175,0.006321937,0.028146802,0.040023992,1,,,6.69E+00,,,,,,,,,,,,,,,,
PlnkF1d: herring,0.348923565,0.123139629,0.079515168,0.044791314,0.008595154,0.001316893,0.100687873,0.009089848,0.003173379,0.007073341,0.123438805,0.04906194,0.066803381,0.000686111,0.0337036,1,,,2.55E+01,,,,,,,,,,,,,,,,
PlnkF1e: anchovy,0.48697041,0.296068344,0.087045597,0.04563745,0.047391442,0.025103724,0.001473578,0.001123396,0.006709343,0.00060018,0.001555517,0.000320588,2.45836E-07,1.52588E-07,3.39085E-08,1,,,1.91E+01,,,,,,,,,,,,,,,,
PlnkF1f: saury,0.012216352,0.217861078,0.013124475,0.117887205,0.076851939,0.019009393,0.01692338,0.046413941,0.079712237,0.049008979,0.113708986,0.037282035,0.049008979,0.113708986,0.037282035,1,,,0.46933379,,,,,,,,,,,,,,,,
PlnkF2a: coho yearling,0.166792383,0.136601205,0.089620131,0.128832289,0.095091684,0.046521601,0.03931171,0.034456616,0.03841191,0.03931171,0.034456616,0.03841191,0.03931171,0.034456616,0.03841191,1,,,1.39E+00,,,,,,,,,,,,,,,,
PlnkF2bi: Chinook yearling Sp,0.323204118,0.028089329,0.00716366,0.230894252,0.037131489,0.002667814,0.185995506,0.006047618,0.00358236,0.175223855,0,0,0,0,0,1,,,4.32E-01,,,,,,,,,,,,,,,,
PlnkF2bii: Chinook yearling Fa,0.323204118,0.028089329,0.00716366,0.230894252,0.037131489,0.002667814,0.185995506,0.006047618,0.00358236,0.175223855,0,0,0,0,0,1,,,0.313070975,,,,,,,,,,,,,,,,
PlnkF2biii: Chinook subyearling Fa early,0.356320778,0.015198895,0.002631498,0.39306606,0.188032494,0.021139701,0.017702805,0.001547002,0.004360768,0,0,0,0,0,0,1,,,9.31E-02,,,,,,,,,,,,,,,,
PlnkF2biv: Chinook subyearling Fa late,0.340316006,0.000783464,0,0.250022476,0.003282841,0,0.367097614,0.000313385,0,0.038184214,0,0,0,0,0,1,,,5.84E-01,,,,,,,,,,,,,,,,
PlnkF2bv: other Chinook yearling,0.273348479,0.023756428,0.006058634,0.19527781,0.031403796,0.002256292,0.157304891,0.005114747,0.003029765,0.148194814,0,0.003029765,0.148194814,0,0.003029765,1,,,5.39E-02,,,,,,,,,,,,,,,,
PlnkF2bvi: other Chinook subyearling,0.330154223,0.002079545,0.000241484,0.254604461,0.020124519,0.001939921,0.322489031,0.00041588,0.000400173,0.033375207,0,0.000400173,0.033375207,0,0.000400173,1,,,3.49E-01,,,,,,,,,,,,,,,,
PlnkF2c: other juvenile salmon,0.240733522,0.237716726,0.034523668,0.034574513,0.091859736,0.097418775,0.061420606,0.026303747,0,0.061420606,0.026303747,0,0.061420606,0.026303747,0,1,,,0.168862226,,,,,,,,,,,,,,,,
PlnkF3: mesopelagic fish aggregate,0.012851563,0.002617188,0.086132813,0,0.059257813,0.350351562,0.021601563,0.009101563,0.106757813,0,0.145234375,0.081640625,0,0,0.124453125,1,,,7.4756699,,,,,,,,,,,,,,,,
PlnkF4: planktivorous rockfish,0.000113281,0.065217932,0.079514508,2.61341E-05,0.089558629,0.0617766,0.000396148,0.14179441,0.149049674,0.000515538,0.091425429,0.043212934,0.001036409,0.203426827,0.072935546,1,,,6.60E+00,,,,,,,,,,,,,,,,
PiscF1a: coho,0.079019028,0.161986124,0.067721662,0.319065999,0.132269305,0,0.079979294,0,0,0.079979294,0,0,0.079979294,0,0,1,,,2.05E+00,,,,,,,,,,,,,,,,
PiscF1b: Chinook,0.182497479,0.036132098,0.080721721,0.474364228,0.045840374,0,0.060148034,0,0,0.060148034,0,0,0.060148034,0,0,1,,,4.20E-01,,,,,,,,,,,,,,,,
PiscF1c: other salmon aggregate,0.175215692,0.047251876,0,0.285781699,0.166997587,0.055986395,0.089588917,0,0,0.089588917,0,0,0.089588917,0,0,1,,,1.76E-01,,,,,,,,,,,,,,,,
PiscF2: shark aggregate,0.066666667,0.066666667,0.066666667,0.066666667,0.066666667,0.066666667,0.066666667,0.066666667,0.066666667,0.066666667,0.066666667,0.066666667,0.066666667,0.066666667,0.066666667,1,,,4.51E-02,,,,,,,,,,,,,,,,
PiscF3a: jack mackerel,0.072665418,0.050572655,0.123620092,0.053901348,0.005224216,0.00604904,0.032904001,0.039914522,0.028203526,0.014126752,0.214457699,0.193222282,0.017859818,0.079280602,0.067998029,1,,,3.92E+01,,,,,,,,,,,,,,,,
PiscF3b: Pacific mackerel,0.002359789,0.001303807,0.262340064,0.21272598,0.026617212,0.004690949,0.048116016,0.074953255,0.03528798,0.003754403,0.100130553,0.135666621,0.006492439,0.041648784,0.043912147,1,,,5.14E+00,,,,,,,,,,,,,,,,
PiscF4: piscivorous rockfish,0.041408306,0.417708703,0.007729225,0.000136063,0.060315271,0.001199752,0.005224007,0.078058902,0.000931293,0.004804003,0.142765812,0.010443614,0.000536248,0.226181816,0.002556985,1,,,4.19682921,,,,,,,,,,,,,,,,
PiscF5: dogfish aggregate,0.003755725,0.821635095,0.019086293,0.001906044,0.083366907,0.043868701,0.000424956,0.005013675,0.005381202,1.0993E-05,0.001785778,0.005269878,0.000475127,0.001281008,0.006738617,1,,,6.51103399,,,,,,,,,,,,,,,,
PiscF6: hake,0.015399992,0.036445052,0.183800009,0,0.057011442,0.062153601,0,0.034820526,0.233070943,6.27422E-05,0.032811144,0.259009594,0,0.002984551,0.082430404,1,,,51.3758882,,,,,,,,,,,,,,,,
PiscF10: tuna aggregate,0,0.02,0.18,0,0.02,0.18,0,0.02,0.18,0,0.02,0.18,0,0.02,0.18,1,,,5.06E-01,,,,,,,,,,,,,,,,
PiscF7: sablefish,0.001348698,0.066782807,0.098579993,0.030839096,0.170371489,0.08896846,0.001530122,0.038401378,0.12095692,0.000701262,0.033926405,0.176254012,0.002546242,0.012197911,0.156595205,1,,,3.04234788,,,,,,,,,,,,,,,,
PiscF8: Hexagrammidae (lingcod greenling),0.082289802,0.258491143,0.01970763,0.018286654,0.097206595,0.009869609,0.049434793,0.125081932,0.014916888,0.031510597,0.107635197,0.034185182,0.020129869,0.11579558,0.015458531,1,,,1.50345589,,,,,,,,,,,,,,,,
PiscF9: flatfish (water-column feeders),0.042144713,0.188742249,0.088959182,0.045107642,0.098750861,0.026375467,0.036090746,0.095133676,0.031282879,0.039957061,0.102015366,0.033872363,0.058163505,0.09492029,0.018483998,1,,,3.76690594,,,,,,,,,,,,,,,,
BnthF1: skates & rays,0.061510472,0.140878699,0.071573524,0.041929657,0.097573587,0.030750551,0.060284458,0.084325722,0.035720212,0.034135611,0.072704573,0.0732272,0.081731556,0.079251022,0.034403157,1,,,3.88E+00,,,,,,,,,,,,,,,,
BnthF2: misc. small benthic fishes,0.004150147,0.010230494,0.181400282,0.011568803,0.049332519,0.119818869,0.007752059,0.031953812,0.141087022,0.008061731,0.033081717,0.207755832,0.010810431,0.017258806,0.165737475,1,,,20.8737504,,,,,,,,,,,,,,,,
BnthF3: benthivorous rockfish,0.000741481,0.021639994,0.117315546,9.9998E-06,0.003685914,0.159963383,0.000631435,0.016334459,0.149255809,0.000968609,0.008325406,0.22584014,9.9998E-06,0.001248671,0.294029154,1,,,3.50582121,,,,,,,,,,,,,,,,
BnthF4: Gadidae (cod haddock pollock),0.101154849,0.407886023,0.094704684,0.108838881,0.138192641,0.04243981,0.011800679,0.036789853,0.001527859,0.031444039,0.003719456,9.91074E-06,0.012575134,0.005434834,0.003481346,1,,,0.288071074,,,,,,,,,,,,,,,,
BnthF5: flatfish (benthic feeders),0.052968392,0.071684896,0.086422248,0.084073544,0.117319627,0.058747057,0.024674641,0.083063719,0.063847268,0.022721379,0.071396443,0.121804978,0.015340253,0.030487855,0.095447701,1,,,20.6942072,,,,,,,,,,,,,,,,
BnthF6: flatfish (small),0.12294217,0.083825039,0.008677983,0.147557004,0.048732165,0.008007396,0.141812573,0.091566491,0.004261479,0.089074467,0.113786585,0.008767987,0.099435884,0.020503316,0.011049462,1,,,9.99772905,,,,,,,,,,,,,,,,
BnthF7: grenadier,0,0,0.114505393,0,0,0.100555435,0,0,0.165243384,0,0,0.41110541,0,0,0.208590377,1,,,0.77017911,,,,,,,,,,,,,,,,
JuvF1: juvenile rockfish,0.002937155,0.398278175,0.031721271,0.413257664,0,0.003157441,0,0.001028004,0.011699666,0.10691243,0.010989854,0.001664388,0.015338474,0.002153913,0.000861565,1,,,11.3770543,,,,,,,,,,,,,,,,
JuvF2: juvenile fish (other),0.001348436,0.009030058,0.007347467,0.002391548,0.016608337,0.150432939,0.01164052,0.074984727,0.280729521,0.031471419,0.042079586,0.222729821,0.047084427,0.007650439,0.094470754,1,,,56.3094374,,,,,,,,,,,,,,,,
JuvF3: juvenile fish (chondrichthys),0.1,0.075,0.025,0.1,0.075,0.025,0.1,0.075,0.025,0.1,0.075,0.025,0.1,0.075,0.025,1,,,3.86146161,,,,,,,,,,,,,,,,
DepB1: infauna,0.066666667,0.066666667,0.066666667,0.066666667,0.066666667,0.066666667,0.066666667,0.066666667,0.066666667,0.066666667,0.066666667,0.066666667,0.066666667,0.066666667,0.066666667,1,,,817.989501,,,,,,,,,,,,,,,,
DepB2a: Pandalus spp.,0,0.000308796,0,0,0.005603569,0,3.54791E-06,0.094616158,0.002313241,0.029653342,0.107211371,0,0.645453373,0.114836602,0,1,,,108.289094,,,,,,,,,,,,,,,,
DepB2b: other epibenthic shrimp (Caridea),0.1,0.075,0.025,0.1,0.075,0.025,0.1,0.075,0.025,0.1,0.075,0.025,0.1,0.075,0.025,1,,,127.98522,,,,,,,,,,,,,,,,
DepB3: mysids,0.1,0.075,0.025,0.1,0.075,0.025,0.1,0.075,0.025,0.1,0.075,0.025,0.1,0.075,0.025,1,,,190.478562,,,,,,,,,,,,,,,,
DepB4: echinoderms,0.1,0.075,0.025,0.1,0.075,0.025,0.1,0.075,0.025,0.1,0.075,0.025,0.1,0.075,0.025,1,,,64.3125632,,,,,,,,,,,,,,,,
DepB5: benthic amphipods isopods and cumaceans,0.1,0.075,0.025,0.1,0.075,0.025,0.1,0.075,0.025,0.1,0.075,0.025,0.1,0.075,0.025,1,,,437.119496,,,,,,,,,,,,,,,,
SspB2: bivalves,0.1,0.075,0.025,0.1,0.075,0.025,0.1,0.075,0.025,0.1,0.075,0.025,0.1,0.075,0.025,1,,,243.189224,,,,,,,,,,,,,,,,
SspB3: misc. epifauna (suspension feeders),0.1,0.075,0.025,0.1,0.075,0.025,0.1,0.075,0.025,0.1,0.075,0.025,0.1,0.075,0.025,1,,,81.1787776,,,,,,,,,,,,,,,,
CrnB1: Dungeness crab,0.084358773,0.027507359,0.001216057,0.205470863,0.097676247,0.00543263,0.101940475,0.059536556,0.002532245,0.187174179,0.068103603,0.003635089,0.107109507,0.045831662,0.002474753,1,,,14.9753289,,,,,,,,,,,,,,,,
CrnB2: Tanner crab,0,0.000421683,0.177031802,0,0.000372494,0.310573585,6.16238E-06,0.00011582,0.186790098,0,1.34802E-05,0.17762306,0,0,0.147051815,1,,,1.98492819,,,,,,,,,,,,,,,,
CrnB3: misc. epifauna (carnivorous),0.066666667,0.066666667,0.066666667,0.066666667,0.066666667,0.066666667,0.066666667,0.066666667,0.066666667,0.066666667,0.066666667,0.066666667,0.066666667,0.066666667,0.066666667,1,,,270.105836,,,,,,,,,,,,,,,,
SB1: sooty shearwaters,0.387018937,0.057628339,0.011610042,0.120195612,0.095311693,0.011610042,0.079436925,0.014494811,0.011610042,0.079436925,0.014494811,0.011610042,0.079436925,0.014494811,0.011610042,1,,,1.0403394,,,,,,,,,,,,,,,,
SB2: common murre,0.026709989,0.003034703,0.004370038,0.104096151,0.01246751,0.004370038,0.227655324,0.049625161,0.004370038,0.227655324,0.049625161,0.004370038,0.227655324,0.049625161,0.004370038,1,,,0.891704484,,,,,,,,,,,,,,,,
SB3: gulls & terns,0.076681757,0.031717128,0.049340343,0.16094239,0.032614013,0.049340343,0.1204816,0.029966066,0.049340343,0.1204816,0.029966066,0.049340343,0.1204816,0.029966066,0.049340343,1,,,0.040934481,,,,,,,,,,,,,,,,
SB4: alcids,0.140565701,0.300076816,0.055520486,0.017401489,0.128952032,0.055520486,0.025922236,0.019211609,0.055520486,0.025922236,0.019211609,0.055520486,0.025922236,0.019211609,0.055520486,1,,,0.122860758,,,,,,,,,,,,,,,,
SB5: large pelagic seabirds,0.010921666,0.041218033,0.178424736,0.001609977,0.03810541,0.178424736,0,0.005340412,0.178424736,0,0.005340412,0.178424736,0,0.005340412,0.178424736,1,,,0.056892473,,,,,,,,,,,,,,,,
SB6: other pelagic seabirds,0.039382713,0.068194153,0.151301352,0.004068053,0.028551877,0.151301352,0.001396918,0.03303523,0.151301352,0.001396918,0.03303523,0.151301352,0.001396918,0.03303523,0.151301352,1,,,0.059469476,,,,,,,,,,,,,,,,
SB7: coastal seabirds (divers),0.184993251,0,0,0.178177268,0.08184973,0,0.184993251,0,0,0.184993251,0,0,0.184993251,0,0,1,,,0.039546054,,,,,,,,,,,,,,,,
SB8: storm-petrels,0.004014824,0.060592959,0.183508338,0,0.002470661,0.183508338,0,0.005126621,0.183508338,0,0.005126621,0.183508338,0,0.005126621,0.183508338,1,,,0.007583252,,,,,,,,,,,,,,,,
PlnkMM1: gray whales,0.1,0.1,0,0.1,0.1,0,0.1,0.1,0,0.1,0.1,0,0.1,0.1,0,1,,,0.867377085,,,,,,,,,,,,,,,,
PlnkMM2: baleen whales,0.011367187,0.01705078,0.171582033,0.011367187,0.01705078,0.171582033,0.011367187,0.01705078,0.171582033,0.011367187,0.01705078,0.171582033,0.011367187,0.01705078,0.171582033,1,,,3.5427458,,,,,,,,,,,,,,,,
PiscMM1: small pinnipeds,0.118700178,0.079133452,0.00216637,0.118700178,0.079133452,0.00216637,0.118700178,0.079133452,0.00216637,0.118700178,0.079133452,0.00216637,0.118700178,0.079133452,0.00216637,1,,,0.143536609,,,,,,,,,,,,,,,,
PiscMM2a: sea lions,0.098478931,0.065652621,0.035868448,0.098478931,0.065652621,0.035868448,0.098478931,0.065652621,0.035868448,0.098478931,0.065652621,0.035868448,0.098478931,0.065652621,0.035868448,1,,,0.894671033,,,,,,,,,,,,,,,,
PiscMM2b: N elephant seals,0.033333333,0.033333333,0.133333333,0.033333333,0.033333333,0.133333333,0.033333333,0.033333333,0.133333333,0.033333333,0.033333333,0.133333333,0.033333333,0.033333333,0.133333333,1.000000001,,,0.924639022,,,,,,,,,,,,,,,,
PiscMM3: small toothed whales,0.023559715,0.023559715,0.15288057,0.023559715,0.023559715,0.15288057,0.023559715,0.023559715,0.15288057,0.023559715,0.023559715,0.15288057,0.023559715,0.023559715,0.15288057,0.999999999,,,1.53188464,,,,,,,,,,,,,,,,
PiscMM4: large toothed whales,0.01,0.01,0.18,0.01,0.01,0.18,0.01,0.01,0.18,0.01,0.01,0.18,0.01,0.01,0.18,1,,,0.346394595,,,,,,,,,,,,,,,,
PiscMM5a: other killer whales,0.033333333,0.033333333,0.133333333,0.033333333,0.033333333,0.133333333,0.033333333,0.033333333,0.133333333,0.033333333,0.033333333,0.133333333,0.033333333,0.033333333,0.133333333,1,,,0.003683092,,,,,,,,,,,,,,,,
PiscMM5b: Southern resident killer whales,0.286555556,0.042888889,0.003888889,0.286555556,0.042888889,0.003888889,0.064333333,0.042888889,0.003888889,0.064333333,0.042888889,0.003888889,0.064333333,0.042888889,0.003888889,1,,,0.042170315,,,,,,,,,,,,,,,,
Z1c: invertebrate eggs,1,1,1,1,1,1,1,1,1,1,1,1,1,1,1,<<--NOTE: this detritus distribution info does not contribute to depth zone models; detritus rows for each depth zone EB matrix are defined by the CB matrix and detritus fates,,,363.234837,,,,,,,,,,,,,,,,
Z2d: fish eggs,1,1,1,1,1,1,1,1,1,1,1,1,1,1,1,<<--NOTE: this detritus distribution info does not contribute to depth zone models; detritus rows for each depth zone EB matrix are defined by the CB matrix and detritus fates,,,10.8979303,,,,,,,,,,,,,,,,
D1: pelagic detritus,1,1,1,1,1,1,1,1,1,1,1,1,1,1,1,<<--NOTE: this detritus distribution info does not contribute to depth zone models; detritus rows for each depth zone EB matrix are defined by the CB matrix and detritus fates,,,1264.14121,,,,,,,,,,,,,,,,
D2: fishery offal,1,1,1,1,1,1,1,1,1,1,1,1,1,1,1,<<--NOTE: this detritus distribution info does not contribute to depth zone models; detritus rows for each depth zone EB matrix are defined by the CB matrix and detritus fates,,,0.161241694,,,,,,,,,,,,,,,,
D3: benthic detritus,1,1,1,1,1,1,1,1,1,1,1,1,1,1,1,<<--NOTE: this detritus distribution info does not contribute to depth zone models; detritus rows for each depth zone EB matrix are defined by the CB matrix and detritus fates,,,3670.18794,,,,,,,,,,,,,,,,
Fishery1: dredge,0.2,0,0,0.2,0,0,0.2,0,0,0.2,0,0,0.2,0,0,1,,,2.37E-02,,,,,,,,,,,,,,,,
Fishery2: Hook & line,0.00687665,0.058771613,0.067286478,0.001729747,0.015775043,0.025330964,0.001937781,0.058415456,0.516556037,0.005346118,0.034943035,0.069587117,0.005287602,0.065780162,0.066376195,1,,,0.029306877,,,,,,,,,,,,,,,,
Fishery3: Other gear,0.039308691,0.252866661,0.023271909,0.008284849,0.042350974,0.005005447,0.009137236,0.154219053,0.099937992,0.019356128,0.096463523,0.014979968,0.012724873,0.203521455,0.018571241,1,,,0.044636596,,,,,,,,,,,,,,,,
Fishery4: Net,0.045146057,0.035503145,0.017623847,0.02803028,0.02479327,0.016287022,0.030894723,0.090179396,0.324776713,0.077924995,0.055280825,0.039612359,0.070255255,0.113004415,0.030687698,1,,,0.040919742,,,,,,,,,,,,,,,,
Fishery5: pot & trap,0.0050375,0.046436313,0.073045511,0.001355686,0.013592841,0.02741854,0.001524717,0.050461644,0.558374071,0.003368132,0.028202733,0.074323668,0.002313831,0.04548111,0.069063703,1,,,0.072956551,,,,,,,,,,,,,,,,
Fishery6: Trolling,0.087435126,0.080494337,0.009232772,0.059061242,0.054126812,0.007599475,0.065089335,0.196901348,0.151760283,0.105884264,0.085865475,0.016118566,0.02118358,0.052846327,0.006401059,1,,,0.035196242,,,,,,,,,,,,,,,,
Fishery7: Trawl (non-shrimp),0.000253756,0.002822033,0.086000167,4.30938E-05,0.000660032,0.034555121,4.77956E-05,0.002405954,0.68899137,9.46384E-05,0.001336295,0.091347282,5.11736E-05,0.002230753,0.089160536,1,,,2.76540863,,,,,,,,,,,,,,,,
Fishery8: Shrimp trawls,0.000239408,0.000151279,3.94606E-05,0.000164871,0.00011323,3.76279E-05,0.000181656,0.000411725,0.000750196,0.12192491,0.072536961,0.031777033,0.2647707,0.402683044,0.104217897,1,,,0.278831681,,,,,,,,,,,,,,,,
FshryR1: recreational fishery,0.1375,0.05,0.0125,0.1375,0.05,0.0125,0.1375,0.05,0.0125,0.1375,0.05,0.0125,0.1375,0.05,0.0125,1,,,0.060255859,,,,,,,,,,,,,,,,
,,,,,,,,,,,,,,,,,,,,,,,,,,,,,,,,,,,
,,,,,,,,,,,,,,,,,,,,,,,,,,,,,,,,,,,
,,,,,,,,,,,,,,,,,,,,,,,,,,,,,,,,,,,
,,,,,,,,,,,,,,,,,,,,,,,,,,,,,,,,,,,
,,,,,,,,,,,,,,,,,,,,,,,,,,,,,,,,,,,
,,,,,,,,,,,,,,,,,,,,,,,,,,,,,,,,,,,
,,,,,,,,,,,,,,,,,,,,,,,,,,,,,,,,,,,
,,,,,,,,,,,,,,,,,,,,,,,,,,,,,,,,,,,
,,,,,,,,,,,,,,,,,,,,,,,,,,,,,,,,,,,
,,,,,,,,,,,,,,,,,,,,,,,,,,,,,,,,,,,
,,,,,,,,,,,,,,,,,,,,,,,,,,,,,,,,,,,
,,,,,,,,,,,,,,,,,,,,,,,,,,,,,,,,,,,
,,,,,,,,,,,,,,,,,,,,,,,,,,,,,,,,,,,
,,,,,,,,,,,,,,,,,,,,,,,,,,,,,,,,,,,
,,,,,,,,,,,,,,,,,,,,,,,,,,,,,,,,,,,
,,,,,,,,,,,,,,,,,,,,,,,,,,,,,,,,,,,
,,,,,,,,,,,,,,,,,,,,,,,,,,,,,,,,,,,
,,,,,,,,,,,,,,,,,,,,,,,,,,,,,,,,,,,
,,,,,,,,,,,,,,,,,,,,,,,,,,,,,,,,,,,
,,,,,,,,,,,,,,,,,,,,,,,,,,,,,,,,,,,
,,,,,,,,,,,,,,,,,,,,,,,,,,,,,,,,,,,
